{"cameraMode":{"drawMode":0,"name":"Shaded","section":"Shading Mode"},"sceneLighting":false,"audioPlay":false,"sceneViewState":{"m_AlwaysRefresh":false,"showFog":true,"showSkybox":true,"showFlares":true,"showImageEffects":true,"showParticleSystems":true,"showVisualEffectGraphs":true,"m_FxEnabled":true},"in2DMode":false,"pivot":{"x":1.5335884094238282,"y":4.384009838104248,"z":30.13727569580078},"rotation":{"x":-0.026986192911863328,"y":-0.027893757447600366,"z":0.0007538668578490615,"w":-0.9992506504058838},"size":35.95685577392578,"orthographic":false}