{"cameraMode":{"drawMode":0,"name":"Shaded","section":"Shading Mode"},"sceneLighting":false,"audioPlay":false,"sceneViewState":{"m_AlwaysRefresh":false,"showFog":true,"showSkybox":false,"showFlares":true,"showImageEffects":true,"showParticleSystems":true,"showVisualEffectGraphs":true,"m_FxEnabled":true},"in2DMode":false,"pivot":{"x":306.0187683105469,"y":326.24530029296877,"z":2.8585968017578127},"rotation":{"x":0.05322106555104256,"y":-0.07631897926330567,"z":0.004065009765326977,"w":0.9956774711608887},"size":229.93113708496095,"orthographic":true}