{"cameraMode":{"drawMode":0,"name":"Shaded","section":"Shading Mode"},"sceneLighting":false,"audioPlay":false,"sceneViewState":{"m_AlwaysRefresh":false,"showFog":true,"showSkybox":false,"showFlares":true,"showImageEffects":true,"showParticleSystems":true,"showVisualEffectGraphs":true,"m_FxEnabled":true},"in2DMode":false,"pivot":{"x":3.5562758445739748,"y":3.6963324546813967,"z":-11.850030899047852},"rotation":{"x":0.05308184400200844,"y":-0.0006232194718904793,"z":0.0005248506786301732,"w":-0.9986653923988342},"size":8.606008529663086,"orthographic":true}