{"cameraMode":{"drawMode":0,"name":"Shaded","section":"Shading Mode"},"sceneLighting":false,"audioPlay":false,"sceneViewState":{"m_AlwaysRefresh":false,"showFog":true,"showSkybox":false,"showFlares":true,"showImageEffects":true,"showParticleSystems":true,"showVisualEffectGraphs":true,"m_FxEnabled":true},"in2DMode":false,"pivot":{"x":0.9795107245445252,"y":-16.35133934020996,"z":0.5940170288085938},"rotation":{"x":0.011667168699204922,"y":0.9624778032302856,"z":-0.2679286003112793,"w":0.04189330339431763},"size":3.570714235305786,"orthographic":false}