{"cameraMode":{"drawMode":0,"name":"Shaded","section":"Shading Mode"},"sceneLighting":false,"audioPlay":false,"sceneViewState":{"m_AlwaysRefresh":false,"showFog":true,"showSkybox":false,"showFlares":true,"showImageEffects":true,"showParticleSystems":true,"showVisualEffectGraphs":true,"m_FxEnabled":true},"in2DMode":false,"pivot":{"x":306.0187683105469,"y":326.24530029296877,"z":2.8585968017578127},"rotation":{"x":0.0027817562222480776,"y":0.9972116351127625,"z":-0.05480446293950081,"w":0.05119825154542923},"size":167.83848571777345,"orthographic":true}